{"result":"FAIL","runtime":{"utc":"1970-01-01T00:00:00Z","version":"0.1.0"},"steps":[{"details":"skipped","name":"bug_bash","ok":true},{"details":"AUTOPILOT=OK","name":"autopilot_dry","ok":true},{"details":"{\"daily_check\":\"GREEN\",\"issues\":[]}","name":"daily_check","ok":false},{"details":"analyze.py: error: unrecognized arguments: --out-json artifacts/EDGE_SENTINEL.json","name":"edge_sentinel","ok":false},{"details":"PARAM_SWEEP WROTE artifacts/PARAM_SWEEP.json","name":"param_sweep","ok":true},{"details":"TUNING WROTE artifacts/TUNING_REPORT.json tools/tuning/overlay_profile.yaml","name":"apply_from_sweep","ok":true},{"details":"CHAOS_RESULT=OK","name":"chaos_failover_dry","ok":true},{"details":"ROTATION=DRYRUN","name":"rotate_artifacts_dry","ok":true},{"details":"RESULT=FOUND","name":"scan_secrets","ok":false}]}
