{
  "duration_hours": 72,
  "gates": {
    "deadline_miss_rate": {
      "actual": 0.015,
      "pass": true,
      "severity": "hard",
      "threshold": 0.02
    },
    "edge_bps": {
      "actual": 2.6,
      "pass": true,
      "severity": "hard",
      "threshold": 2.0
    },
    "hit_ratio": {
      "actual": 0.78,
      "pass": true,
      "severity": "hard",
      "threshold": 0.7
    },
    "latency_p95": {
      "actual": 142.5,
      "pass": true,
      "severity": "hard",
      "threshold": 150.0
    },
    "maker_share": {
      "actual": 0.92,
      "pass": true,
      "severity": "soft",
      "threshold": 0.85
    },
    "ws_lag": {
      "actual": 125.0,
      "pass": true,
      "severity": "soft",
      "threshold": 200.0
    }
  },
  "metrics": {
    "duration_hours": 72,
    "mm_deadline_miss_rate": 0.015,
    "mm_edge_bps_ema1h": 2.8,
    "mm_edge_bps_ema24h": 2.6,
    "mm_hit_ratio": 0.78,
    "mm_maker_share_ratio": 0.92,
    "tick_latency_ms": {
      "p50": 85.2,
      "p95": 142.5
    },
    "ws_lag_max_ms": 125.0
  },
  "runtime": {
    "utc": "2025-10-11T17:13:22Z",
    "version": "0.1.0"
  },
  "verdict": "PASS"
}