{"result":"FAIL","runtime":{"utc":"2025-01-01T00:00:00Z","version":"0.1.0"},"steps":[{"details":"skipped","name":"bug_bash","ok":true},{"details":"AUTOPILOT=OK","name":"autopilot_dry","ok":true},{"details":"{\"daily_check\":\"GREEN\",\"issues\":[]}","name":"daily_check","ok":false},{"details":"analyze.py: error: unrecognized arguments: --out-json artifacts/EDGE_SENTINEL.json","name":"edge_sentinel","ok":false},{"details":"FileNotFoundError: [Errno 2] No such file or directory: 'tests/fixtures/sweep/events_case1.jsonl'","name":"param_sweep","ok":false},{"details":"TUNING WROTE artifacts/TUNING_REPORT.json tools/tuning/overlay_profile.yaml","name":"apply_from_sweep","ok":true},{"details":"CHAOS_RESULT=OK","name":"chaos_failover_dry","ok":true},{"details":"MemoryError","name":"rotate_artifacts_dry","ok":false},{"details":"","name":"scan_secrets","ok":false}]}
